{"cameraMode":{"drawMode":0,"name":"Shaded","section":"Shading Mode"},"sceneLighting":true,"audioPlay":false,"sceneViewState":{"m_AlwaysRefresh":false,"showFog":true,"showSkybox":true,"showFlares":true,"showImageEffects":true,"showParticleSystems":true,"showVisualEffectGraphs":true,"m_FxEnabled":true},"in2DMode":false,"pivot":{"x":699.9269409179688,"y":1012.4772338867188,"z":-50.25200271606445},"rotation":{"x":-0.04316450282931328,"y":-0.02697932720184326,"z":-0.001162055879831314,"w":0.9987660050392151},"size":1181.1915283203125,"orthographic":true}