{"cameraMode":{"drawMode":0,"name":"Shaded","section":"Shading Mode"},"sceneLighting":true,"audioPlay":false,"sceneViewState":{"m_AlwaysRefresh":false,"showFog":true,"showSkybox":true,"showFlares":true,"showImageEffects":true,"showParticleSystems":true,"showVisualEffectGraphs":true,"m_FxEnabled":true},"in2DMode":false,"pivot":{"x":0.040935005992650989,"y":0.4780595600605011,"z":0.007453145459294319},"rotation":{"x":0.15661311149597169,"y":-0.6078358292579651,"z":0.12354681640863419,"w":0.7687082290649414},"size":0.4154701232910156,"orthographic":false}