{"cameraMode":{"drawMode":0,"name":"Shaded","section":"Shading Mode"},"sceneLighting":true,"audioPlay":false,"sceneViewState":{"m_AlwaysRefresh":false,"showFog":true,"showSkybox":true,"showFlares":true,"showImageEffects":true,"showParticleSystems":true,"showVisualEffectGraphs":true,"m_FxEnabled":true},"in2DMode":false,"pivot":{"x":1131.0673828125,"y":1101.443359375,"z":24.074230194091798},"rotation":{"x":0.01080945786088705,"y":-0.006014147307723761,"z":0.000025214672859874554,"w":0.9999950528144836},"size":1608.9525146484375,"orthographic":true}