{"cameraMode":{"drawMode":0,"name":"Shaded","section":"Shading Mode"},"sceneLighting":true,"audioPlay":false,"sceneViewState":{"m_AlwaysRefresh":false,"showFog":true,"showSkybox":true,"showFlares":true,"showImageEffects":true,"showParticleSystems":true,"showVisualEffectGraphs":true,"m_FxEnabled":true},"in2DMode":false,"pivot":{"x":0.05245138704776764,"y":-0.12196747958660126,"z":0.46852540969848635},"rotation":{"x":-0.1155487447977066,"y":-0.008837944827973843,"z":0.0010694258380681277,"w":-0.9932987689971924},"size":0.7424042820930481,"orthographic":false}